[
  {
    "id": "4b8654f7-3f4b-4845-93d5-38fa74a50fd9",
    "data": [
      {
        "text": "Admission 2",
        "userDefined": false
      }
    ],
    "isTemplate": false,
    "count": 0,
    "lang": "th",
    "updated": 0
  },
  {
    "id": "d04db29c-aab3-4978-a3fc-661299fc2b75",
    "data": [
      {
        "text": "รับกลางร่วมกัน",
        "userDefined": false
      }
    ],
    "isTemplate": false,
    "count": 0,
    "lang": "th",
    "updated": 0
  },
  {
    "id": "c3daaaec-9f37-47c9-bfe9-5ef03cb66213",
    "data": [
      {
        "text": "รอบแอด 2",
        "userDefined": false
      }
    ],
    "isTemplate": false,
    "count": 0,
    "lang": "th",
    "updated": 0
  },
  {
    "id": "587ee7c2-3e65-4ad4-ad6c-d14a2f968094",
    "data": [
      {
        "text": "แอดมิชชั่น 2",
        "userDefined": false
      }
    ],
    "isTemplate": false,
    "count": 0,
    "lang": "th",
    "updated": 0
  }
]