[
  {
    "id": "94ee0acb-dd49-47b5-8647-bc0eda4c7a6c",
    "data": [
      {
        "text": "รอบแอด",
        "userDefined": false
      }
    ],
    "isTemplate": false,
    "count": 0,
    "lang": "th",
    "updated": 0
  },
  {
    "id": "f82f1ea0-ccb1-42f9-8889-b05c42b53173",
    "data": [
      {
        "text": "Admission",
        "userDefined": false
      }
    ],
    "isTemplate": false,
    "count": 0,
    "lang": "th",
    "updated": 0
  },
  {
    "id": "9f527256-d986-43b6-93a4-a414513f03ce",
    "data": [
      {
        "text": "รอบแอดมิชชั่น",
        "userDefined": false
      }
    ],
    "isTemplate": false,
    "count": 0,
    "lang": "th",
    "updated": 0
  }
]