[
  {
    "id": "6aff071b-47e1-45c3-a920-252f90d66433",
    "data": [
      {
        "text": "รับตรงร่วมกัน",
        "userDefined": false
      }
    ],
    "isTemplate": false,
    "count": 0,
    "lang": "th",
    "updated": 0
  },
  {
    "id": "81fa6020-4ec5-4b5a-8b59-b1c4abe685f0",
    "data": [
      {
        "text": "Admission ",
        "userDefined": false
      },
      {
        "text": "1",
        "meta": "@sys.ignore",
        "userDefined": false
      }
    ],
    "isTemplate": false,
    "count": 0,
    "lang": "th",
    "updated": 0
  },
  {
    "id": "c553e5b1-5017-40eb-bc2b-7f0ec9e70f18",
    "data": [
      {
        "text": "รอบแอด 1",
        "userDefined": false
      }
    ],
    "isTemplate": false,
    "count": 0,
    "lang": "th",
    "updated": 0
  },
  {
    "id": "8827e77e-731c-48f2-8297-8f31bdf62403",
    "data": [
      {
        "text": "แอดมิชชั่น 1",
        "userDefined": false
      }
    ],
    "isTemplate": false,
    "count": 0,
    "lang": "th",
    "updated": 0
  }
]