[
  {
    "id": "356a32cd-2beb-4ecf-883e-539cc0150f2d",
    "data": [
      {
        "text": "การยืนยันสิด",
        "userDefined": false
      }
    ],
    "isTemplate": false,
    "count": 0,
    "lang": "th",
    "updated": 0
  },
  {
    "id": "5d7ac62c-98a4-454c-89f0-37612c5b1ff0",
    "data": [
      {
        "text": "ยืนยันสิทธิ์",
        "userDefined": false
      }
    ],
    "isTemplate": false,
    "count": 0,
    "lang": "th",
    "updated": 0
  },
  {
    "id": "2435735c-44f7-42c0-bf0b-6d01a590f203",
    "data": [
      {
        "text": "Assertion",
        "userDefined": false
      }
    ],
    "isTemplate": false,
    "count": 0,
    "lang": "th",
    "updated": 0
  },
  {
    "id": "758e4ed0-7bf2-4f55-a2ce-d4cdc615b24b",
    "data": [
      {
        "text": "ระบบยืนยันสิทธิ์",
        "userDefined": false
      }
    ],
    "isTemplate": false,
    "count": 0,
    "lang": "th",
    "updated": 0
  },
  {
    "id": "cc984204-8c2c-4a29-8e64-d6d1c2234f0e",
    "data": [
      {
        "text": "การยืนยันสิทธิ์",
        "userDefined": false
      }
    ],
    "isTemplate": false,
    "count": 0,
    "lang": "th",
    "updated": 0
  }
]