[
  {
    "id": "3d10f2bf-4775-4bab-be5b-0d16b19eabbd",
    "data": [
      {
        "text": "ได้สิทธิแต่กดสละสิทธิ์ไปจะยกเลิกได้ไหม",
        "userDefined": false
      }
    ],
    "isTemplate": false,
    "count": 0,
    "lang": "th",
    "updated": 0
  },
  {
    "id": "f35e9c4c-6108-4c87-ace4-e1873e9b1a01",
    "data": [
      {
        "text": "ขอยกเลิกการสละสิทธิ",
        "userDefined": false
      }
    ],
    "isTemplate": false,
    "count": 0,
    "lang": "th",
    "updated": 0
  },
  {
    "id": "09abd72b-61b6-4700-ab6f-9ccd4cf956f4",
    "data": [
      {
        "text": "ยกเลิกการสละสิทธิ์",
        "userDefined": false
      }
    ],
    "isTemplate": false,
    "count": 0,
    "lang": "th",
    "updated": 0
  },
  {
    "id": "7cead72f-d1b4-4398-a5bd-2d58f754b892",
    "data": [
      {
        "text": "ยกเลิกการสละสิด",
        "userDefined": false
      }
    ],
    "isTemplate": false,
    "count": 0,
    "lang": "th",
    "updated": 0
  },
  {
    "id": "86cb9e84-3a9e-4d43-8fa6-b737a87bcc1d",
    "data": [
      {
        "text": "การสละสิด",
        "userDefined": false
      }
    ],
    "isTemplate": false,
    "count": 0,
    "lang": "th",
    "updated": 0
  },
  {
    "id": "873f43b3-bb5f-47bb-b92f-0f55dfcaec60",
    "data": [
      {
        "text": "การสละสิทธิ์",
        "userDefined": false
      }
    ],
    "isTemplate": false,
    "count": 0,
    "lang": "th",
    "updated": 0
  }
]