[
  {
    "id": "271ae935-50b6-42df-8663-9bdf51e1d91d",
    "data": [
      {
        "text": "เคียริ่งเฮ้า",
        "userDefined": false
      }
    ],
    "isTemplate": false,
    "count": 0,
    "lang": "th",
    "updated": 0
  },
  {
    "id": "c274ae6c-79c8-427b-99a2-7d19f2cfe117",
    "data": [
      {
        "text": "Clearing House คืออะไร",
        "userDefined": false
      }
    ],
    "isTemplate": false,
    "count": 0,
    "lang": "th",
    "updated": 0
  },
  {
    "id": "4c52404f-dcfc-45a5-a096-76eb3a505901",
    "data": [
      {
        "text": "ระบบเคลียร์ริ่งเฮ้าส์",
        "userDefined": false
      }
    ],
    "isTemplate": false,
    "count": 0,
    "lang": "th",
    "updated": 0
  },
  {
    "id": "c1a36932-9991-49c8-8ee6-bd69bd66e4f2",
    "data": [
      {
        "text": "Clearing House",
        "userDefined": false
      }
    ],
    "isTemplate": false,
    "count": 0,
    "lang": "th",
    "updated": 0
  },
  {
    "id": "45190d11-ae82-49a8-8948-6ea5b292c9d3",
    "data": [
      {
        "text": "ระบบบริหารจัดการสิทธิ์",
        "userDefined": false
      }
    ],
    "isTemplate": false,
    "count": 0,
    "lang": "th",
    "updated": 0
  }
]