[
  {
    "id": "9cc28c91-3d91-4740-bfab-90babc81ab42",
    "data": [
      {
        "text": "ฮัลโหล",
        "meta": "@sys.ignore",
        "userDefined": false
      }
    ],
    "isTemplate": false,
    "count": 0,
    "lang": "th",
    "updated": 0
  },
  {
    "id": "c675bc32-6755-4523-96ed-ae1987cfa746",
    "data": [
      {
        "text": "สวัสดี",
        "userDefined": false
      }
    ],
    "isTemplate": false,
    "count": 1,
    "lang": "th",
    "updated": 0
  },
  {
    "id": "29576f4c-a8a2-4ec7-9339-f32bbef6f4c9",
    "data": [
      {
        "text": "บอท",
        "userDefined": false
      }
    ],
    "isTemplate": false,
    "count": 0,
    "lang": "th",
    "updated": 0
  },
  {
    "id": "44b5f767-21d2-4f4b-9386-d9785ff20efb",
    "data": [
      {
        "text": "กลับสู่หัวข้อในการถาม",
        "userDefined": false
      }
    ],
    "isTemplate": false,
    "count": 0,
    "lang": "th",
    "updated": 0
  },
  {
    "id": "690c0ba2-3b3b-4664-a8e9-31c5c5ec9c36",
    "data": [
      {
        "text": "เมนูหลัก",
        "userDefined": false
      }
    ],
    "isTemplate": false,
    "count": 0,
    "lang": "th",
    "updated": 0
  },
  {
    "id": "6eca5b80-e652-4a4f-88cd-4b55e62c3bc0",
    "data": [
      {
        "text": "ดีจ้า",
        "userDefined": false
      }
    ],
    "isTemplate": false,
    "count": 0,
    "lang": "th",
    "updated": 0
  },
  {
    "id": "cfa5e9e7-6c26-4bb4-922b-a5c213caab41",
    "data": [
      {
        "text": "หวัดดี",
        "userDefined": false
      }
    ],
    "isTemplate": false,
    "count": 0,
    "lang": "th",
    "updated": 0
  },
  {
    "id": "0d864f75-11e7-4d8b-adfa-04e2c5040a05",
    "data": [
      {
        "text": "ว่าไง",
        "userDefined": false
      }
    ],
    "isTemplate": false,
    "count": 0,
    "lang": "th",
    "updated": 0
  },
  {
    "id": "69688550-45fb-4368-b3af-2af60d9dfcee",
    "data": [
      {
        "text": "สวีดัส",
        "userDefined": false
      }
    ],
    "isTemplate": false,
    "count": 0,
    "lang": "th",
    "updated": 0
  },
  {
    "id": "daa11b71-593d-47a9-9bae-cfdab31363f2",
    "data": [
      {
        "text": "ทักทาย",
        "userDefined": false
      }
    ],
    "isTemplate": false,
    "count": 0,
    "lang": "th",
    "updated": 0
  }
]