[
  {
    "id": "78f8abe6-10a6-4ef4-a60b-5a7144bfffa5",
    "data": [
      {
        "text": "รับตรงอิสระ",
        "userDefined": false
      }
    ],
    "isTemplate": false,
    "count": 0,
    "lang": "th",
    "updated": 0
  },
  {
    "id": "33645972-8b87-4ce6-8ce4-d8b96b97acf0",
    "data": [
      {
        "text": "รอบรับตรง",
        "userDefined": false
      }
    ],
    "isTemplate": false,
    "count": 0,
    "lang": "th",
    "updated": 0
  }
]