[
  {
    "id": "162c35a9-d8b9-4367-a030-a519be118118",
    "data": [
      {
        "text": "ไม่ขอใช้สิทธิ์",
        "userDefined": false
      }
    ],
    "isTemplate": false,
    "count": 0,
    "lang": "th",
    "updated": 0
  },
  {
    "id": "bee74da8-87a7-4765-9b61-032e55822fd5",
    "data": [
      {
        "text": "ไม่ได้ยืนยันสิทธิ์",
        "userDefined": false
      }
    ],
    "isTemplate": false,
    "count": 0,
    "lang": "th",
    "updated": 0
  },
  {
    "id": "698cafb5-079d-412e-a4c0-e40f0b9d386b",
    "data": [
      {
        "text": "การไม่ใช้สิทธิ์",
        "userDefined": false
      }
    ],
    "isTemplate": false,
    "count": 1,
    "lang": "th",
    "updated": 0
  }
]