[
  {
    "id": "12860a46-a1c6-47dd-a4ee-cec22e53dcfd",
    "data": [
      {
        "text": "รอบพอร์ต",
        "userDefined": false
      }
    ],
    "isTemplate": false,
    "count": 0,
    "lang": "th",
    "updated": 0
  },
  {
    "id": "7873a3f0-6161-4c3a-a673-4cd8b169e154",
    "data": [
      {
        "text": "แฟ้มสะสมผลงาน",
        "userDefined": false
      }
    ],
    "isTemplate": false,
    "count": 0,
    "lang": "th",
    "updated": 0
  },
  {
    "id": "320e9037-a610-49f5-9f20-6b0e4ac16e6c",
    "data": [
      {
        "text": "Portfolio",
        "userDefined": false
      }
    ],
    "isTemplate": false,
    "count": 0,
    "lang": "th",
    "updated": 0
  }
]