[
  {
    "id": "ec799566-9f5d-4cd8-a4ea-8f4b3af5d219",
    "data": [
      {
        "text": "ใน ",
        "userDefined": false
      },
      {
        "text": "10",
        "meta": "@sys.number",
        "alias": "number",
        "userDefined": false
      },
      {
        "text": " หน้ารวมปกไหม",
        "userDefined": false
      }
    ],
    "isTemplate": false,
    "count": 0,
    "lang": "th",
    "updated": 0
  },
  {
    "id": "34ab5f08-909f-4819-9da2-4fd2f77a4a01",
    "data": [
      {
        "text": "ใน ",
        "userDefined": false
      },
      {
        "text": "10",
        "meta": "@sys.number",
        "alias": "number",
        "userDefined": false
      },
      {
        "text": " หน้ารวมคำนำไหม",
        "userDefined": false
      }
    ],
    "isTemplate": false,
    "count": 0,
    "lang": "th",
    "updated": 0
  },
  {
    "id": "138665f4-f670-4f47-8dac-1b558e4ce8f6",
    "data": [
      {
        "text": "ใน ",
        "userDefined": false
      },
      {
        "text": "10",
        "meta": "@sys.number",
        "alias": "number",
        "userDefined": false
      },
      {
        "text": " หน้ารวมสารบัญไหม",
        "userDefined": false
      }
    ],
    "isTemplate": false,
    "count": 0,
    "lang": "th",
    "updated": 0
  },
  {
    "id": "d0e47fd0-0609-4ce5-9e93-bfbb142c9f49",
    "data": [
      {
        "text": "รวมสารบัญไหม",
        "userDefined": false
      }
    ],
    "isTemplate": false,
    "count": 0,
    "lang": "th",
    "updated": 0
  },
  {
    "id": "1c3f1e1d-2946-4951-b6d7-d771ffae7f12",
    "data": [
      {
        "text": "รวมคำนำไหม",
        "userDefined": false
      }
    ],
    "isTemplate": false,
    "count": 0,
    "lang": "th",
    "updated": 0
  },
  {
    "id": "6b8f6c6a-79cd-40c5-b33c-57f5285027f0",
    "data": [
      {
        "text": "รวมปกไหม",
        "userDefined": false
      }
    ],
    "isTemplate": false,
    "count": 0,
    "lang": "th",
    "updated": 0
  },
  {
    "id": "ecf981d7-f1b3-456f-8d5f-7335c1bfebe3",
    "data": [
      {
        "text": "ต้องมีปกไหม",
        "userDefined": false
      }
    ],
    "isTemplate": false,
    "count": 0,
    "lang": "th",
    "updated": 0
  },
  {
    "id": "b5fd0891-4992-48d2-acc6-e0b3da3292d5",
    "data": [
      {
        "text": "ต้องมี คำนำไหม",
        "userDefined": false
      }
    ],
    "isTemplate": false,
    "count": 0,
    "lang": "th",
    "updated": 0
  },
  {
    "id": "79a46d2c-ca3e-4e65-becc-0e80de02a8bf",
    "data": [
      {
        "text": "ต้องมีสารบัญไหม",
        "userDefined": false
      }
    ],
    "isTemplate": false,
    "count": 0,
    "lang": "th",
    "updated": 0
  }
]