[
  {
    "id": "22662585-a251-48c7-b972-5973ea7ed119",
    "data": [
      {
        "text": "โควตา",
        "userDefined": false
      }
    ],
    "isTemplate": false,
    "count": 0,
    "lang": "th",
    "updated": 0
  },
  {
    "id": "3cbcce3d-4d57-4955-affd-5487361ced73",
    "data": [
      {
        "text": "โควต้า",
        "userDefined": false
      }
    ],
    "isTemplate": false,
    "count": 0,
    "lang": "th",
    "updated": 0
  },
  {
    "id": "ffedf99a-9df9-4dee-bbc0-cadff48fe3a5",
    "data": [
      {
        "text": "Quota",
        "meta": "@sys.ignore",
        "userDefined": false
      }
    ],
    "isTemplate": false,
    "count": 0,
    "lang": "th",
    "updated": 0
  },
  {
    "id": "499f1dd9-3eb3-4c28-802d-3db1735bf070",
    "data": [
      {
        "text": "รอบ Quota",
        "userDefined": false
      }
    ],
    "isTemplate": false,
    "count": 0,
    "lang": "th",
    "updated": 0
  },
  {
    "id": "d4709f41-46db-487f-95c1-68d287242c81",
    "data": [
      {
        "text": "รอบโควต้า",
        "userDefined": false
      }
    ],
    "isTemplate": false,
    "count": 0,
    "lang": "th",
    "updated": 0
  }
]