[
  {
    "id": "a18ed14f-9fb1-4086-8fc9-e0dd7519c4c0",
    "data": [
      {
        "text": "ชื่อ ",
        "userDefined": false
      },
      {
        "text": "ฟร้องซ์",
        "meta": "@sys.any",
        "alias": "user_name",
        "userDefined": true
      }
    ],
    "isTemplate": false,
    "count": 0,
    "lang": "th",
    "updated": 0
  },
  {
    "id": "be93bb67-b5af-42e3-9727-b8d0e5a454ff",
    "data": [
      {
        "text": "sun",
        "meta": "@sys.any",
        "alias": "user_name",
        "userDefined": true
      }
    ],
    "isTemplate": false,
    "count": 0,
    "lang": "th",
    "updated": 0
  }
]