[
  {
    "id": "147bc394-b75c-4a7a-b474-5ecf65b4db69",
    "data": [
      {
        "text": "Thai",
        "meta": "@sys.ignore",
        "userDefined": false
      },
      {
        "text": " University ",
        "userDefined": false
      },
      {
        "text": "Central",
        "meta": "@sys.ignore",
        "userDefined": false
      },
      {
        "text": " Admission System",
        "userDefined": false
      }
    ],
    "isTemplate": false,
    "count": 0,
    "lang": "th",
    "updated": 0
  },
  {
    "id": "104deffe-cbf4-4650-9c30-128b360e02ef",
    "data": [
      {
        "text": "ทีแคส",
        "userDefined": false
      }
    ],
    "isTemplate": false,
    "count": 1,
    "lang": "th",
    "updated": 0
  },
  {
    "id": "6848c848-5ae7-4c67-b3e9-be3638bee3fa",
    "data": [
      {
        "text": "TCAS",
        "userDefined": false
      }
    ],
    "isTemplate": false,
    "count": 0,
    "lang": "th",
    "updated": 0
  }
]