[
  {
    "id": "c9a530e5-e7f6-42ba-844b-e282f231dc5d",
    "data": [
      {
        "text": "สมัครรับตรงมากกว่า ",
        "userDefined": false
      },
      {
        "text": "1",
        "meta": "@sys.ignore",
        "userDefined": false
      },
      {
        "text": " โครงการได้ไหม",
        "userDefined": false
      },
      {
        "text": "?",
        "meta": "@sys.ignore",
        "userDefined": false
      }
    ],
    "isTemplate": false,
    "count": 0,
    "lang": "th",
    "updated": 0
  }
]