[
  {
    "id": "c47e4921-c206-4996-9e43-d8966940cc17",
    "data": [
      {
        "text": "สมัครแล้ว จ่ายเงินแล้ว ",
        "userDefined": false
      },
      {
        "text": "4",
        "meta": "@sys.ignore",
        "userDefined": false
      },
      {
        "text": " สาขาวิชา อยากเพิ่มสาขาวิชาอีกได้ไหม",
        "userDefined": false
      }
    ],
    "isTemplate": false,
    "count": 0,
    "lang": "th",
    "updated": 0
  }
]