[
  {
    "id": "b39c47ee-ca71-4b93-bc9a-76d8a4918d7f",
    "data": [
      {
        "text": "ช่องทางชำระค่าสมัคร",
        "userDefined": false
      }
    ],
    "isTemplate": false,
    "count": 0,
    "lang": "th",
    "updated": 0
  },
  {
    "id": "b1e2bb90-9023-4111-be95-d65aed7c3001",
    "data": [
      {
        "text": "จ่ายค่าสมัครทางไหนได้บ้าง",
        "userDefined": false
      }
    ],
    "isTemplate": false,
    "count": 0,
    "lang": "th",
    "updated": 0
  }
]