[
  {
    "id": "5d4c4c33-9ad0-41f4-85b9-2c8728f5b962",
    "data": [
      {
        "text": "สถาบันไม่เข้าร่วมระบบ",
        "userDefined": false
      }
    ],
    "isTemplate": false,
    "count": 0,
    "lang": "th",
    "updated": 0
  },
  {
    "id": "617d3a26-55cb-40a2-ab1e-05ed93dfe5cd",
    "data": [
      {
        "text": "มีบ้างไหม ที่บางสถาบันไม่เข้าร่วมกับระบบ TCAS ?",
        "userDefined": false
      }
    ],
    "isTemplate": false,
    "count": 0,
    "lang": "th",
    "updated": 0
  }
]