[
  {
    "id": "aaa3911e-19d0-418a-9501-622b2567d24f",
    "data": [
      {
        "text": "ค่าสมัคร",
        "userDefined": false
      }
    ],
    "isTemplate": false,
    "count": 0,
    "lang": "th",
    "updated": 0
  },
  {
    "id": "284ee21d-4eb7-4a93-b2f6-e98748c64afe",
    "data": [
      {
        "text": "ค่าสมัครรอบ ",
        "userDefined": false
      },
      {
        "text": "3",
        "meta": "@sys.ignore",
        "userDefined": false
      },
      {
        "text": " เท่าไหร่",
        "userDefined": false
      }
    ],
    "isTemplate": false,
    "count": 0,
    "lang": "th",
    "updated": 0
  }
]