[
  {
    "id": "2ba5c0a6-53cf-455b-b593-b7d57eb85fc9",
    "data": [
      {
        "text": "ติดรอบ ",
        "userDefined": false
      },
      {
        "text": "2 แล้ว",
        "meta": "@sys.ignore",
        "userDefined": false
      }
    ],
    "isTemplate": false,
    "count": 0,
    "lang": "th",
    "updated": 0
  },
  {
    "id": "4f0051c5-2e3c-45cf-875a-15ba8d93814b",
    "data": [
      {
        "text": "ตอนนี้ติดรอบ ",
        "userDefined": false
      },
      {
        "text": "2",
        "meta": "@sys.ignore",
        "userDefined": false
      },
      {
        "text": " แล้ว ยัง",
        "userDefined": false
      },
      {
        "text": "ไม่",
        "meta": "@sys.ignore",
        "userDefined": false
      },
      {
        "text": "ได้ยืนยันสิทธิ์ จะสมัครรอบ ",
        "userDefined": false
      },
      {
        "text": "3",
        "meta": "@sys.ignore",
        "userDefined": false
      },
      {
        "text": " ได้",
        "userDefined": false
      },
      {
        "text": "ไหม",
        "meta": "@Teenage-Language",
        "alias": "Teenage-Language",
        "userDefined": true
      }
    ],
    "isTemplate": false,
    "count": 0,
    "lang": "th",
    "updated": 0
  }
]