[
  {
    "id": "cd14b647-44ac-4074-b3ac-e06d14058ab8",
    "data": [
      {
        "text": "สาขาวิชาที่สนใจ",
        "userDefined": false
      }
    ],
    "isTemplate": false,
    "count": 0,
    "lang": "th",
    "updated": 0
  },
  {
    "id": "ae191ea3-9556-409c-941a-5e0b9e5f4069",
    "data": [
      {
        "text": "คําว่า \"สาขาวิชาที่สนใจ\" คืออะไร",
        "userDefined": false
      }
    ],
    "isTemplate": false,
    "count": 0,
    "lang": "th",
    "updated": 0
  }
]