[
  {
    "id": "34f9848a-4b02-40ea-b2cc-11ffa0be8bae",
    "data": [
      {
        "text": "ค่าสมัคร",
        "userDefined": false
      }
    ],
    "isTemplate": false,
    "count": 0,
    "lang": "th",
    "updated": 0
  },
  {
    "id": "f7ae5503-302f-4f4a-a8f5-c46ef1a36ce1",
    "data": [
      {
        "text": "ค่าสมัครเท่าไหร่?",
        "userDefined": false
      }
    ],
    "isTemplate": false,
    "count": 0,
    "lang": "th",
    "updated": 0
  }
]