[
  {
    "id": "6c86af6b-5e46-4ea8-a734-c194a5c2cd07",
    "data": [
      {
        "text": "มีเพื่ออะไร",
        "userDefined": false
      }
    ],
    "isTemplate": false,
    "count": 0,
    "lang": "th",
    "updated": 0
  },
  {
    "id": "38951f39-8956-461d-8cc0-302946048c57",
    "data": [
      {
        "text": "ระบบ TCAS มีขึ้นมาเพื่ออะไร ?",
        "userDefined": false
      }
    ],
    "isTemplate": false,
    "count": 0,
    "lang": "th",
    "updated": 0
  }
]