[
  {
    "id": "4788f74c-4bdf-4e07-b9c8-62004f7277eb",
    "data": [
      {
        "text": "ยืนยันสาขาวิชาทีหลัง",
        "userDefined": false
      }
    ],
    "isTemplate": false,
    "count": 0,
    "lang": "th",
    "updated": 0
  },
  {
    "id": "64ae762e-c17d-48ad-ac32-83cc468bca9c",
    "data": [
      {
        "text": "จ่ายเงินก่อน",
        "userDefined": false
      }
    ],
    "isTemplate": false,
    "count": 1,
    "lang": "th",
    "updated": 0
  },
  {
    "id": "3bc6426a-3edb-4d8e-879d-62c2aeb23022",
    "data": [
      {
        "text": "จ่ายเงินก่อน แล้วกดยืนยันสาขาวิชาทีหลังได้ไหม",
        "userDefined": false
      }
    ],
    "isTemplate": false,
    "count": 0,
    "lang": "th",
    "updated": 0
  }
]