[
  {
    "id": "a95248e3-1240-4b01-b90c-d69071a00fae",
    "data": [
      {
        "text": "เด็กซิ่ว",
        "userDefined": false
      }
    ],
    "isTemplate": false,
    "count": 0,
    "lang": "th",
    "updated": 0
  },
  {
    "id": "50434dfb-1520-4819-9762-f36e91c235d9",
    "data": [
      {
        "text": "เด็กซิ่วรอบพอร์ต",
        "userDefined": false
      }
    ],
    "isTemplate": false,
    "count": 0,
    "lang": "th",
    "updated": 0
  },
  {
    "id": "2ffb263a-3591-4fe0-84aa-3d90ebe23713",
    "data": [
      {
        "text": "เด็กซิ่วมีสิทธิ์สมัครในรอบพอร์ตบ้างไหมครับ?",
        "userDefined": false
      }
    ],
    "isTemplate": false,
    "count": 0,
    "lang": "th",
    "updated": 0
  }
]