[
  {
    "id": "1be5becd-17c4-4041-8c9c-b9c462656ba3",
    "data": [
      {
        "text": "เลือก ",
        "userDefined": false
      },
      {
        "text": "4",
        "meta": "@sys.number",
        "alias": "number",
        "userDefined": false
      },
      {
        "text": " สาขาได้ไหม",
        "userDefined": false
      }
    ],
    "isTemplate": false,
    "count": 0,
    "lang": "th",
    "updated": 0
  },
  {
    "id": "76299aa8-2e55-46a5-9a97-f72e0caf736b",
    "data": [
      {
        "text": "เลือกสาขาไม่ครบได้ไหม",
        "userDefined": false
      }
    ],
    "isTemplate": false,
    "count": 0,
    "lang": "th",
    "updated": 0
  },
  {
    "id": "30fd1869-767d-4b9e-8dcf-d07e49036972",
    "data": [
      {
        "text": "เลือกไม่ครบ 20 สาขาวิชาได้ไหม เลือกแค่ 4 สาขาวิชาที่จะสมัครได้ไหม",
        "userDefined": false
      }
    ],
    "isTemplate": false,
    "count": 0,
    "lang": "th",
    "updated": 0
  }
]