[
  {
    "id": "407ac542-fffd-453c-9241-54b0eaf5018d",
    "data": [
      {
        "text": "แล้วอยากเปลี่ยนสาขาวิชา",
        "userDefined": false
      }
    ],
    "isTemplate": false,
    "count": 0,
    "lang": "th",
    "updated": 0
  },
  {
    "id": "93aaef79-cbb6-4533-86f1-658185046d4b",
    "data": [
      {
        "text": "เลือกสมัครครบ ",
        "userDefined": false
      },
      {
        "text": "6",
        "meta": "@sys.ignore",
        "userDefined": false
      },
      {
        "text": " อันดับ แล้วอยากเปลี่ยนสาขาวิชาได้ไหม",
        "userDefined": false
      }
    ],
    "isTemplate": false,
    "count": 0,
    "lang": "th",
    "updated": 0
  }
]