[
  {
    "id": "4ec79460-09c2-4fe3-a88f-38df75bece5f",
    "data": [
      {
        "text": "สิ่งเปลี่ยนแปลง",
        "userDefined": false
      }
    ],
    "isTemplate": false,
    "count": 0,
    "lang": "th",
    "updated": 0
  },
  {
    "id": "8ee66b7a-ddef-4461-9968-b09e184d2fed",
    "data": [
      {
        "text": "การเปลี่ยนแปลงรอบพอร์ต",
        "userDefined": false
      }
    ],
    "isTemplate": false,
    "count": 0,
    "lang": "th",
    "updated": 0
  },
  {
    "id": "12d9728d-0b67-4618-b773-3dc09d19b214",
    "data": [
      {
        "text": "TCAS64 รอบ ",
        "userDefined": false
      },
      {
        "text": "1",
        "meta": "@sys.ignore",
        "userDefined": false
      },
      {
        "text": " Portfolio",
        "userDefined": false
      }
    ],
    "isTemplate": false,
    "count": 0,
    "lang": "th",
    "updated": 0
  }
]