[
  {
    "id": "f951b9d8-d137-4df7-be27-c622d9771998",
    "data": [
      {
        "text": "ควรปริ้นพอร์ตรอไหม",
        "userDefined": false
      }
    ],
    "isTemplate": false,
    "count": 0,
    "lang": "th",
    "updated": 0
  },
  {
    "id": "23f8424c-4917-4dc4-ba22-9f6b65926bcc",
    "data": [
      {
        "text": "ควรปริ้นท์พอร์ต ",
        "userDefined": false
      },
      {
        "text": "10",
        "meta": "@sys.ignore",
        "userDefined": false
      },
      {
        "text": " ",
        "userDefined": false
      },
      {
        "text": "หน้า",
        "meta": "@sys.ignore",
        "userDefined": false
      },
      {
        "text": " เตรียมไว้ก่อนเลยมั้ยครับ?",
        "userDefined": false
      }
    ],
    "isTemplate": false,
    "count": 0,
    "lang": "th",
    "updated": 0
  }
]