[
  {
    "id": "149b1bd0-c8c4-421b-981e-f3c53cb27d3c",
    "data": [
      {
        "text": "เอกสารฉบับจริงหรือเปล่า",
        "userDefined": false
      }
    ],
    "isTemplate": false,
    "count": 0,
    "lang": "th",
    "updated": 0
  },
  {
    "id": "91772e7b-630d-4062-9928-74d4a71f5cea",
    "data": [
      {
        "text": "ขั้นตอนส่งเอกสาร",
        "userDefined": false
      }
    ],
    "isTemplate": false,
    "count": 0,
    "lang": "th",
    "updated": 0
  },
  {
    "id": "07bea3a1-4d9c-40d8-94c0-18f744e35368",
    "data": [
      {
        "text": "ขั้นตอนที่ต้องส่งเอกสาร (เกียรติบัตร) ต้องส่งเอกสารฉบับจริงเลยรึเปล่าครับ?",
        "userDefined": false
      }
    ],
    "isTemplate": false,
    "count": 0,
    "lang": "th",
    "updated": 0
  }
]