[
  {
    "id": "e346a16b-434a-4363-81ba-1391ea90a300",
    "data": [
      {
        "text": "รอบ ",
        "userDefined": false
      },
      {
        "text": "1",
        "meta": "@sys.ignore",
        "userDefined": false
      },
      {
        "text": " และ ",
        "userDefined": false
      },
      {
        "text": "2",
        "meta": "@sys.ignore",
        "userDefined": false
      },
      {
        "text": " ยังติดได้หลายที่เหมือนเดิม",
        "userDefined": false
      },
      {
        "text": "ใช่",
        "meta": "@sys.ignore",
        "userDefined": false
      },
      {
        "text": "หรือ",
        "userDefined": false
      },
      {
        "text": "ไม่",
        "meta": "@sys.ignore",
        "userDefined": false
      }
    ],
    "isTemplate": false,
    "count": 0,
    "lang": "th",
    "updated": 0
  }
]