[
  {
    "id": "416a0ab2-7a24-4b34-b491-0348e9b7c709",
    "data": [
      {
        "text": "จากที่ไหน",
        "userDefined": false
      }
    ],
    "isTemplate": false,
    "count": 0,
    "lang": "th",
    "updated": 0
  },
  {
    "id": "04d128f1-9920-45e8-a817-b5dcd9b912b2",
    "data": [
      {
        "text": "ติดตามข่าวรับสมัคร",
        "userDefined": false
      }
    ],
    "isTemplate": false,
    "count": 0,
    "lang": "th",
    "updated": 0
  },
  {
    "id": "a69c41eb-a9de-4c9f-904f-5b6de91e50e4",
    "data": [
      {
        "text": "ติดตามข่าวรับสมัครได้จากที่ไหนบ้าง",
        "userDefined": false
      }
    ],
    "isTemplate": false,
    "count": 0,
    "lang": "th",
    "updated": 0
  }
]