[
  {
    "id": "84955613-4533-43ec-a4bd-a37b03998a4b",
    "data": [
      {
        "text": "สอบสัมภาษณ์ในรอบ ",
        "userDefined": false
      },
      {
        "text": "3",
        "meta": "@sys.ignore",
        "userDefined": false
      },
      {
        "text": " ที่มหาวิทยาลัย",
        "userDefined": false
      }
    ],
    "isTemplate": false,
    "count": 0,
    "lang": "th",
    "updated": 0
  },
  {
    "id": "ebbd39b6-dcd6-4735-81b0-1d5a5144a725",
    "data": [
      {
        "text": "การไปสอบสัมภาษณ์ในรอบ ",
        "userDefined": false
      },
      {
        "text": "3",
        "meta": "@sys.ignore",
        "userDefined": false
      },
      {
        "text": " ที่มหาวิทยาลัยจะถือว่าเป็นการยืนยันสิทธิ์หรือ",
        "userDefined": false
      },
      {
        "text": "ไม่",
        "meta": "@sys.ignore",
        "userDefined": false
      },
      {
        "text": " (นับครั้ง)",
        "userDefined": false
      }
    ],
    "isTemplate": false,
    "count": 0,
    "lang": "th",
    "updated": 0
  }
]