[
  {
    "id": "d5e4fb60-a867-4f22-8940-f024df75b87f",
    "data": [
      {
        "text": "สถานะสมัครเสร็จ",
        "userDefined": false
      }
    ],
    "isTemplate": false,
    "count": 0,
    "lang": "th",
    "updated": 0
  },
  {
    "id": "3bdd98f6-0c6d-48ee-8477-32aa61d76c8c",
    "data": [
      {
        "text": "ถือว่าสมัครเสร็จแล้ว",
        "userDefined": false
      }
    ],
    "isTemplate": false,
    "count": 0,
    "lang": "th",
    "updated": 0
  },
  {
    "id": "05e50e45-ecaf-4603-9528-f5fd416e0c6f",
    "data": [
      {
        "text": "จ่ายค่าสมัครแล้ว สถานะขึ้นแล้ว ถือว่าสมัครเสร็จแล้ว",
        "userDefined": false
      },
      {
        "text": "ใช่",
        "meta": "@sys.ignore",
        "userDefined": false
      },
      {
        "text": "ไหม",
        "meta": "@sys.ignore",
        "userDefined": false
      }
    ],
    "isTemplate": false,
    "count": 0,
    "lang": "th",
    "updated": 0
  }
]