[
  {
    "id": "220813b4-b476-42dc-8daa-49eeaf056ba1",
    "data": [
      {
        "text": "ใช้เกรดเฉลี่ย",
        "userDefined": false
      }
    ],
    "isTemplate": false,
    "count": 0,
    "lang": "th",
    "updated": 0
  },
  {
    "id": "49c5ef4e-233c-4572-9516-399db36f3f9d",
    "data": [
      {
        "text": "ต้องกรอกเกรดเฉลี่ย",
        "userDefined": false
      }
    ],
    "isTemplate": false,
    "count": 1,
    "lang": "th",
    "updated": 0
  },
  {
    "id": "c993d317-1584-4fef-9f95-0c2a15957990",
    "data": [
      {
        "text": "จำเป็นต้องกรอกเกรดเฉลี่ย หรือ หน่วยกิต-เกรดสาระการเรียนรู้วิชาต่างๆ ไหม",
        "userDefined": false
      }
    ],
    "isTemplate": false,
    "count": 0,
    "lang": "th",
    "updated": 0
  }
]