[
  {
    "id": "25014b6a-5f61-45a2-bfa3-b9a0df742013",
    "data": [
      {
        "text": "สมัครได้กี่ที่",
        "userDefined": false
      }
    ],
    "isTemplate": false,
    "count": 1,
    "lang": "th",
    "updated": 0
  },
  {
    "id": "82be954d-0818-4da1-a7ef-ccb3f64a95a8",
    "data": [
      {
        "text": "สมัครได้กี่แห่ง",
        "userDefined": false
      }
    ],
    "isTemplate": false,
    "count": 0,
    "lang": "th",
    "updated": 0
  },
  {
    "id": "4ef022c6-8bac-4fb7-ab0e-e90e22af6710",
    "data": [
      {
        "text": "สามารถสมัครรอบพอร์ตได้กี่แห่งและมีโอกาสติดได้กี่แห่งหรอครับ?",
        "userDefined": false
      }
    ],
    "isTemplate": false,
    "count": 0,
    "lang": "th",
    "updated": 0
  }
]