[
  {
    "id": "fdfe05ea-02eb-4773-bad2-e5eafdddd213",
    "data": [
      {
        "text": "มีคะแนนทั้งสอง",
        "userDefined": false
      }
    ],
    "isTemplate": false,
    "count": 1,
    "lang": "th",
    "updated": 0
  },
  {
    "id": "e0127268-b48a-420e-b4fb-29462a1abf27",
    "data": [
      {
        "text": "PAT",
        "userDefined": false
      },
      {
        "text": "1",
        "meta": "@sys.ignore",
        "userDefined": false
      },
      {
        "text": " กับ PAT",
        "userDefined": false
      },
      {
        "text": "7",
        "meta": "@sys.ignore",
        "userDefined": false
      }
    ],
    "isTemplate": false,
    "count": 0,
    "lang": "th",
    "updated": 0
  },
  {
    "id": "1d1e5518-5226-4c50-ad05-1630c238a22d",
    "data": [
      {
        "text": "ยื่นทั้งสองสาขา",
        "userDefined": false
      }
    ],
    "isTemplate": false,
    "count": 0,
    "lang": "th",
    "updated": 0
  },
  {
    "id": "512e34ba-70f3-40ad-afe4-447566ad5e79",
    "data": [
      {
        "text": "สาขาวิชา A เป็นรับแบบ",
        "userDefined": false
      },
      {
        "text": "ใช้",
        "meta": "@sys.ignore",
        "userDefined": false
      },
      {
        "text": " PAT ",
        "userDefined": false
      },
      {
        "text": "1",
        "meta": "@sys.ignore",
        "userDefined": false
      },
      {
        "text": " กับ PAT ",
        "userDefined": false
      },
      {
        "text": "7",
        "meta": "@sys.ignore",
        "userDefined": false
      },
      {
        "text": " มีคะแนนทั้ง ",
        "userDefined": false
      },
      {
        "text": "2",
        "meta": "@sys.ignore",
        "userDefined": false
      },
      {
        "text": " อย่าง ยื่นทั้งคู่ได้",
        "userDefined": false
      },
      {
        "text": "ไหม",
        "meta": "@sys.ignore",
        "userDefined": false
      }
    ],
    "isTemplate": false,
    "count": 0,
    "lang": "th",
    "updated": 0
  }
]