[
  {
    "id": "299ad54c-9ad8-4ebe-b5db-38615287f9a2",
    "data": [
      {
        "text": "ส่งเอกสารได้ที่ไหน",
        "userDefined": false
      }
    ],
    "isTemplate": false,
    "count": 0,
    "lang": "th",
    "updated": 0
  },
  {
    "id": "158dff88-061b-4b77-bd3f-73a62e9bb629",
    "data": [
      {
        "text": "ส่งเอกสารได้ทางไหน",
        "userDefined": false
      }
    ],
    "isTemplate": false,
    "count": 0,
    "lang": "th",
    "updated": 0
  },
  {
    "id": "c91e1ed8-de46-47de-bfac-60e3340aed6e",
    "data": [
      {
        "text": "ช่องทางส่งเอกสาร",
        "userDefined": false
      }
    ],
    "isTemplate": false,
    "count": 0,
    "lang": "th",
    "updated": 0
  },
  {
    "id": "0b2c9590-ff12-459d-ad87-843d0a4965cc",
    "data": [
      {
        "text": "จะส่งเอกสาร / ผลงาน (เกียรติบัตร) / Portfolio ได้ในช่องทางไหนบ้างครับ ?",
        "userDefined": false
      }
    ],
    "isTemplate": false,
    "count": 0,
    "lang": "th",
    "updated": 0
  }
]