[
  {
    "id": "1cef02b9-e804-42e6-baf9-ea023c4e23c1",
    "data": [
      {
        "text": "โครงการไหนไม่เข้าร่วม",
        "userDefined": false
      }
    ],
    "isTemplate": false,
    "count": 0,
    "lang": "th",
    "updated": 0
  },
  {
    "id": "77858772-98d7-4fdf-b91c-a346e22ba86a",
    "data": [
      {
        "text": "โครงการไหนเข้าร่วม",
        "userDefined": false
      }
    ],
    "isTemplate": false,
    "count": 0,
    "lang": "th",
    "updated": 0
  },
  {
    "id": "a61c4a37-e4e8-4aac-8882-19a2eaa62c95",
    "data": [
      {
        "text": "ทราบได้อย่างไรว่าโครงการไหนเข้าร่วมระบบ TCAS หรือไม่เข้าร่วม ?",
        "userDefined": false
      }
    ],
    "isTemplate": false,
    "count": 0,
    "lang": "th",
    "updated": 0
  }
]