[
  {
    "id": "785bab6d-d448-4ff8-b901-57823a320563",
    "data": [
      {
        "text": "เปลี่ยนสาขาหลังจ่ายเงินได้ไหม",
        "userDefined": false
      }
    ],
    "isTemplate": false,
    "count": 0,
    "lang": "th",
    "updated": 0
  },
  {
    "id": "024a6ad4-bc23-4efd-acaf-55a6f6f809fb",
    "data": [
      {
        "text": "สมัครแล้ว จ่ายเงินแล้ว เปลี่ยนสาขา/อันดับ ทำได้ไหม",
        "userDefined": false
      }
    ],
    "isTemplate": false,
    "count": 0,
    "lang": "th",
    "updated": 0
  }
]