[
  {
    "id": "40915b00-fd0f-4d1c-ac08-2b816b82238f",
    "data": [
      {
        "text": "ยืนยันสาขาแล้วเปลี่ยนสาขาได้ไหม",
        "userDefined": false
      }
    ],
    "isTemplate": false,
    "count": 0,
    "lang": "th",
    "updated": 0
  },
  {
    "id": "ee4af7fa-54dc-4941-ac8f-b22074754e7c",
    "data": [
      {
        "text": "หลังจาก \"ยืนยันสาขาที่สมัคร\" ไปแล้ว จะเปลี่ยนแปลงสาขา หรือเรียงลำดับใหม่ได้อีกหรือ",
        "userDefined": false
      },
      {
        "text": "ไม่",
        "meta": "@sys.ignore",
        "userDefined": false
      }
    ],
    "isTemplate": false,
    "count": 0,
    "lang": "th",
    "updated": 0
  }
]