[
  {
    "id": "0c511ff7-9b2f-4ef6-992b-aee278fef398",
    "data": [
      {
        "text": "ช่วงเวลาไหนบ้าง",
        "userDefined": false
      }
    ],
    "isTemplate": false,
    "count": 0,
    "lang": "th",
    "updated": 0
  },
  {
    "id": "f69c5ce9-957d-4325-8c7e-f26db13b0f16",
    "data": [
      {
        "text": "TCAS จะมีการคัดเลือกในช่วงเวลาไหนบ้าง ?",
        "userDefined": false
      }
    ],
    "isTemplate": false,
    "count": 0,
    "lang": "th",
    "updated": 0
  }
]