[
  {
    "id": "301506a7-e5f3-4f63-b1a3-66c72d1e16d4",
    "data": [
      {
        "text": "พอร์ตต้องส่งแค่ ",
        "userDefined": false
      },
      {
        "text": "10",
        "meta": "@sys.number",
        "alias": "number",
        "userDefined": false
      },
      {
        "text": " หน้าเท่านั้นหรอ",
        "userDefined": false
      }
    ],
    "isTemplate": false,
    "count": 0,
    "lang": "th",
    "updated": 0
  },
  {
    "id": "2c48e66b-d417-486b-ab67-92c63cdb4873",
    "data": [
      {
        "text": "พอร์ตฟอลิโอต้องส่งแค่ ",
        "userDefined": false
      },
      {
        "text": "10",
        "meta": "@sys.ignore",
        "userDefined": false
      },
      {
        "text": " หน้าเท่านั้นหรอครับ?",
        "userDefined": false
      }
    ],
    "isTemplate": false,
    "count": 0,
    "lang": "th",
    "updated": 0
  }
]