[
  {
    "id": "3a909f37-18b9-41e4-bddd-f403562e1314",
    "data": [
      {
        "text": "ข้อมูลใหม่เด็กซิ่ว",
        "userDefined": false
      }
    ],
    "isTemplate": false,
    "count": 0,
    "lang": "th",
    "updated": 0
  },
  {
    "id": "d8c5bea7-2545-4421-ae79-185fb97de034",
    "data": [
      {
        "text": "เด็กซิ่วต้องปรับปรุง",
        "userDefined": false
      }
    ],
    "isTemplate": false,
    "count": 0,
    "lang": "th",
    "updated": 0
  },
  {
    "id": "54149f45-8f2b-4cd4-8165-9c7cab93d89e",
    "data": [
      {
        "text": "มีอะไรที่เด็กซิ่วต้องปรับข้อมูลใหม่บ้าง",
        "userDefined": false
      }
    ],
    "isTemplate": false,
    "count": 0,
    "lang": "th",
    "updated": 0
  }
]