[
  {
    "id": "f79f03ec-c36f-4ba2-9d7c-1daae5d064ff",
    "data": [
      {
        "text": "พอร์ต ",
        "userDefined": false
      },
      {
        "text": "10",
        "meta": "@sys.ignore",
        "userDefined": false
      },
      {
        "text": " ",
        "userDefined": false
      },
      {
        "text": "หน้า",
        "meta": "@sys.ignore",
        "userDefined": false
      },
      {
        "text": " ประกอบด้วยอะไรบ้าง",
        "userDefined": false
      }
    ],
    "isTemplate": false,
    "count": 0,
    "lang": "th",
    "updated": 0
  },
  {
    "id": "19b8565c-8728-443d-95e7-590a84d12b4d",
    "data": [
      {
        "text": "พอร์ตต้องมีอะไรบ้าง",
        "userDefined": false
      }
    ],
    "isTemplate": false,
    "count": 0,
    "lang": "th",
    "updated": 0
  },
  {
    "id": "3d3c5578-ff8c-4e10-aaaf-ed654e6c41e8",
    "data": [
      {
        "text": "ถ้าสถาบันกำหนดให้ยื่นพอร์ต ",
        "userDefined": false
      },
      {
        "text": "10",
        "meta": "@sys.ignore",
        "userDefined": false
      },
      {
        "text": " ",
        "userDefined": false
      },
      {
        "text": "หน้า",
        "meta": "@sys.ignore",
        "userDefined": false
      },
      {
        "text": " ใน ",
        "userDefined": false
      },
      {
        "text": "10",
        "meta": "@sys.ignore",
        "userDefined": false
      },
      {
        "text": " หน้านั้นต้องมีอะไรบ้างครับ นับรวมหน้าปก คำนำใน ",
        "userDefined": false
      },
      {
        "text": "10",
        "meta": "@sys.ignore",
        "userDefined": false
      },
      {
        "text": " หน้านั้นด้วยไหม?",
        "userDefined": false
      }
    ],
    "isTemplate": false,
    "count": 0,
    "lang": "th",
    "updated": 0
  }
]