[
  {
    "id": "16c5940a-83b2-4342-918e-5ce7b3d66082",
    "data": [
      {
        "text": "สมัครยื่นพอร์ต",
        "userDefined": false
      }
    ],
    "isTemplate": false,
    "count": 0,
    "lang": "th",
    "updated": 0
  },
  {
    "id": "d822cac0-50a9-4382-888c-c79ff3002bef",
    "data": [
      {
        "text": "สมัครทางไหน",
        "userDefined": false
      }
    ],
    "isTemplate": false,
    "count": 0,
    "lang": "th",
    "updated": 0
  },
  {
    "id": "e41751ec-e8a3-4140-a404-6a6ba7cabeda",
    "data": [
      {
        "text": "สมัครยื่นพอร์ต ต้องสมัครทางไหน",
        "userDefined": false
      },
      {
        "text": "หรอ",
        "meta": "@sys.ignore",
        "userDefined": false
      },
      {
        "text": "ครับ",
        "userDefined": false
      },
      {
        "text": "?",
        "meta": "@sys.ignore",
        "userDefined": false
      }
    ],
    "isTemplate": false,
    "count": 0,
    "lang": "th",
    "updated": 0
  }
]