[
  {
    "id": "ae310e51-0a24-474a-8ee0-597379e13c02",
    "data": [
      {
        "text": "เอกสารจ่ายเงิน",
        "userDefined": false
      }
    ],
    "isTemplate": false,
    "count": 0,
    "lang": "th",
    "updated": 0
  },
  {
    "id": "6c244cbf-bcb3-494e-85c4-223a8039b44a",
    "data": [
      {
        "text": "ไม่",
        "meta": "@sys.ignore",
        "userDefined": false
      },
      {
        "text": "พิมพ์เอกสารจ่ายเงิน",
        "userDefined": false
      }
    ],
    "isTemplate": false,
    "count": 0,
    "lang": "th",
    "updated": 0
  },
  {
    "id": "287b3b74-8b0a-4e74-a09a-54dad9b35d35",
    "data": [
      {
        "text": "ไม่",
        "meta": "@sys.ignore",
        "userDefined": false
      },
      {
        "text": "ปริ้นท์เอกสารไปจ่ายเงินได้",
        "userDefined": false
      },
      {
        "text": "ไหม",
        "meta": "@sys.ignore",
        "userDefined": false
      }
    ],
    "isTemplate": false,
    "count": 0,
    "lang": "th",
    "updated": 0
  }
]