[
  {
    "id": "4bacbbd2-d774-45cd-bd38-39b231514d13",
    "data": [
      {
        "text": "ถ้า ",
        "userDefined": false
      },
      {
        "text": "22 - 23",
        "meta": "@sys.ignore",
        "userDefined": false
      },
      {
        "text": " ",
        "userDefined": false
      },
      {
        "text": "เมษายนนี้",
        "meta": "@sys.ignore",
        "userDefined": false
      },
      {
        "text": " ยืนยันสิทธิ์รอบ ",
        "userDefined": false
      },
      {
        "text": "2",
        "meta": "@sys.ignore",
        "userDefined": false
      },
      {
        "text": " ไปแล้ว เกิดเปลี่ยนใจไปสมัครรอบ ",
        "userDefined": false
      },
      {
        "text": "3",
        "meta": "@sys.ignore",
        "userDefined": false
      },
      {
        "text": " ได้ไหม",
        "userDefined": false
      }
    ],
    "isTemplate": false,
    "count": 0,
    "lang": "th",
    "updated": 0
  }
]