[
  {
    "id": "072d591b-c44e-46d4-a333-25fa5291abc6",
    "data": [
      {
        "text": "มีรายชื่อให้ไปสอบสัมภาษณ์",
        "userDefined": false
      }
    ],
    "isTemplate": false,
    "count": 0,
    "lang": "th",
    "updated": 0
  },
  {
    "id": "b3480e13-5dff-4532-bb14-82809397d718",
    "data": [
      {
        "text": "มีรายชื่อให้ไปสอบสัมภาษณ์ จะมีการคัดออกอีกในรอบสัมภาษณ์",
        "userDefined": false
      },
      {
        "text": "ไหม",
        "meta": "@Teenage-Language",
        "alias": "Teenage-Language",
        "userDefined": true
      }
    ],
    "isTemplate": false,
    "count": 1,
    "lang": "th",
    "updated": 0
  }
]