[
  {
    "id": "73a42c00-bcd1-4c82-9301-241e58fa02b4",
    "data": [
      {
        "text": "เกณฑ์การรับตรง",
        "userDefined": false
      }
    ],
    "isTemplate": false,
    "count": 0,
    "lang": "th",
    "updated": 0
  },
  {
    "id": "784cf9c5-d625-4437-b542-8430b1bcf8d5",
    "data": [
      {
        "text": "รับตรงต่างๆ เกณฑ์จะยังเหมือนเดิมของรุ่นพี่ไหม",
        "userDefined": false
      },
      {
        "text": "?",
        "meta": "@sys.ignore",
        "userDefined": false
      }
    ],
    "isTemplate": false,
    "count": 0,
    "lang": "th",
    "updated": 0
  }
]