[
  {
    "id": "7b3f69cd-b0ec-478c-8ccb-278d7c8e215a",
    "data": [
      {
        "text": "เด็กซิ่ว",
        "userDefined": false
      },
      {
        "text": "ใช้",
        "meta": "@sys.ignore",
        "userDefined": false
      },
      {
        "text": "คะแนนปีที่แล้วได้หรือ",
        "userDefined": false
      },
      {
        "text": "ไม่",
        "meta": "@sys.ignore",
        "userDefined": false
      }
    ],
    "isTemplate": false,
    "count": 0,
    "lang": "th",
    "updated": 0
  }
]