[
  {
    "id": "4489aa61-5b7c-4135-ab8a-0034345eb03e",
    "data": [
      {
        "text": "รอบไหนดีสุด",
        "userDefined": false
      }
    ],
    "isTemplate": false,
    "count": 0,
    "lang": "th",
    "updated": 0
  },
  {
    "id": "b5bdec8d-cda9-47ee-8282-4f649a5d04a2",
    "data": [
      {
        "text": "TCAS เเบ่งรับสมัครตั้ง 5 รอบ สมัครรอบไหนดีสุด?",
        "userDefined": false
      }
    ],
    "isTemplate": false,
    "count": 0,
    "lang": "th",
    "updated": 0
  }
]