[
  {
    "id": "fe787608-944c-429b-86b9-9f6f7817a4af",
    "data": [
      {
        "text": "วิทย์ทั่วไป ใน TCAS 64",
        "userDefined": false
      }
    ],
    "isTemplate": false,
    "count": 0,
    "lang": "th",
    "updated": 0
  },
  {
    "id": "0b89cda6-0bc1-4953-a5ac-12ec27d50aa0",
    "data": [
      {
        "text": "คณิต 2 ใน TCAS 64",
        "userDefined": false
      }
    ],
    "isTemplate": false,
    "count": 0,
    "lang": "th",
    "updated": 0
  },
  {
    "id": "3b74fbbf-a82c-4e42-983f-f1374f499955",
    "data": [
      {
        "text": "เด็กซิ่วกับ คณิต 2 และ วิทย์ทั่วไป ใน TCAS64",
        "userDefined": false
      }
    ],
    "isTemplate": false,
    "count": 0,
    "lang": "th",
    "updated": 0
  }
]