[
  {
    "id": "20beaf21-689d-4c4c-ab1b-110a47820abf",
    "data": [
      {
        "text": "ยืนยันสิทธิ์ (รอบ ",
        "userDefined": false
      },
      {
        "text": "1-2-3",
        "meta": "@sys.ignore",
        "userDefined": false
      },
      {
        "text": ") ไปแล้ว อยากสมัครรอบ ",
        "userDefined": false
      },
      {
        "text": "4",
        "meta": "@sys.ignore",
        "userDefined": false
      },
      {
        "text": " ได้ไหม",
        "userDefined": false
      }
    ],
    "isTemplate": false,
    "count": 0,
    "lang": "th",
    "updated": 0
  }
]