[
  {
    "id": "0a7b077d-7ff3-424a-938f-16ab74ebfd06",
    "data": [
      {
        "text": "ใช้ผลงานม.ต้นด้ไหม",
        "userDefined": false
      }
    ],
    "isTemplate": false,
    "count": 0,
    "lang": "th",
    "updated": 0
  },
  {
    "id": "70df680b-6da1-4f49-9ae3-840a95893c86",
    "data": [
      {
        "text": "ผลงานที่จะใช้ยื่นในรอบพอร์ตปีนี้ จะใช้ผลงานของ ",
        "userDefined": false
      },
      {
        "text": "ม",
        "meta": "@sys.ignore",
        "userDefined": false
      },
      {
        "text": ".ต้น ได้ไหมครับ?",
        "userDefined": false
      }
    ],
    "isTemplate": false,
    "count": 0,
    "lang": "th",
    "updated": 0
  }
]