[
  {
    "id": "27b03f61-4541-41a6-a65b-1ef5df263f8f",
    "data": [
      {
        "text": "ขั้นตอนการเลือกสาขาวิชาที่สมัคร ",
        "userDefined": false
      },
      {
        "text": "6",
        "meta": "@sys.ignore",
        "userDefined": false
      },
      {
        "text": " อันดับเป็นอย่างไร",
        "userDefined": false
      }
    ],
    "isTemplate": false,
    "count": 0,
    "lang": "th",
    "updated": 0
  }
]