[
  {
    "id": "d2c75cd4-d605-4f91-9623-2e7b4a86df47",
    "data": [
      {
        "text": "ให้กับน้องๆ",
        "userDefined": false
      }
    ],
    "isTemplate": false,
    "count": 0,
    "lang": "th",
    "updated": 0
  },
  {
    "id": "d02fdad0-c725-4042-a8fd-5a53d2bbacc7",
    "data": [
      {
        "text": "จะแนะนำ",
        "userDefined": false
      }
    ],
    "isTemplate": false,
    "count": 0,
    "lang": "th",
    "updated": 0
  },
  {
    "id": "dba32bb3-e904-4972-92f9-8fe3d1efc1d8",
    "data": [
      {
        "text": "สิ่งที่อยาก",
        "userDefined": false
      }
    ],
    "isTemplate": false,
    "count": 0,
    "lang": "th",
    "updated": 0
  },
  {
    "id": "dca624b5-ac41-407e-9af6-3f485b2f8746",
    "data": [
      {
        "text": "มีอะไรอยากจะแนะนำไหม ?",
        "userDefined": false
      }
    ],
    "isTemplate": false,
    "count": 0,
    "lang": "th",
    "updated": 0
  }
]