[
  {
    "id": "0e891d4a-37a6-4398-8d12-b67ba6cb6ae0",
    "data": [
      {
        "text": "การประกาศผลการคัดเลือกรอบที่ ",
        "userDefined": false
      },
      {
        "text": "3",
        "meta": "@sys.ignore",
        "userDefined": false
      },
      {
        "text": " (รับตรงร่วมกัน) เพื่อไปสอบสัมภาษณ์ เหมือนกับรอบที่ ",
        "userDefined": false
      },
      {
        "text": "1-2",
        "meta": "@sys.ignore",
        "userDefined": false
      },
      {
        "text": " หรือ",
        "userDefined": false
      },
      {
        "text": "ไม่",
        "meta": "@sys.ignore",
        "userDefined": false
      }
    ],
    "isTemplate": false,
    "count": 0,
    "lang": "th",
    "updated": 0
  }
]