[
  {
    "id": "709d49cd-8438-4151-8ae2-4851f8e4938a",
    "data": [
      {
        "text": "ไม่มีรายชื่อสาขาวิชาอยู่ใน list ของสาขาวิชาที่สนใจ",
        "userDefined": false
      }
    ],
    "isTemplate": false,
    "count": 0,
    "lang": "th",
    "updated": 0
  },
  {
    "id": "490e5162-5e8d-4a02-936d-359e304629cc",
    "data": [
      {
        "text": "ในขณะที่เลือกสาขาวิชาที่สมัคร ",
        "userDefined": false
      },
      {
        "text": "6",
        "meta": "@sys.ignore",
        "userDefined": false
      },
      {
        "text": " อันดับ แต่พบว่าไม่มีรายชื่อสาขาวิชาอยู่ใน list ของสาขาวิชาที่สนใจ จะสามารถสมัครได้ไหม",
        "userDefined": false
      }
    ],
    "isTemplate": false,
    "count": 0,
    "lang": "th",
    "updated": 0
  }
]