[
  {
    "id": "be74b4a3-9f78-42bb-afdc-0b019126040f",
    "data": [
      {
        "text": "รายละเอียดพอร์ต",
        "userDefined": false
      }
    ],
    "isTemplate": false,
    "count": 0,
    "lang": "th",
    "updated": 0
  },
  {
    "id": "0b2d47f1-343d-4aed-8fc9-8989fe22f044",
    "data": [
      {
        "text": "คนที่เหมาะกับรอบ Portfolio",
        "userDefined": false
      }
    ],
    "isTemplate": false,
    "count": 0,
    "lang": "th",
    "updated": 0
  }
]