[
  {
    "id": "fc85c3dd-0676-472d-9480-d4520e34b727",
    "data": [
      {
        "text": "การชําระเงิน",
        "userDefined": false
      }
    ],
    "isTemplate": false,
    "count": 0,
    "lang": "th",
    "updated": 0
  },
  {
    "id": "0f1e0dbb-76c8-45bf-9ff0-2fc53d0db57c",
    "data": [
      {
        "text": "ลําดับการเลือกกับการชําระเงินแยกจากกันหมายความว่าอย่างไร",
        "userDefined": false
      }
    ],
    "isTemplate": false,
    "count": 0,
    "lang": "th",
    "updated": 0
  }
]