[
  {
    "id": "11cbf1fc-b2b5-4f91-b2b9-d67bf74f13cb",
    "data": [
      {
        "text": "GAT PAT O-Net วิชาสามัญ",
        "userDefined": false
      }
    ],
    "isTemplate": false,
    "count": 0,
    "lang": "th",
    "updated": 0
  },
  {
    "id": "1627a4ac-bf62-4fe4-8213-ec82c72f5709",
    "data": [
      {
        "text": "เด็กซิ่วสอบใหม่",
        "userDefined": false
      }
    ],
    "isTemplate": false,
    "count": 0,
    "lang": "th",
    "updated": 0
  },
  {
    "id": "9c19b984-f64d-4656-be75-56273d95de81",
    "data": [
      {
        "text": "เด็กซิ่วต้องสอบ GAT PAT, O-NET, วิชาสามัญ ใหม่มั้ย",
        "userDefined": false
      }
    ],
    "isTemplate": false,
    "count": 0,
    "lang": "th",
    "updated": 0
  }
]