[
  {
    "id": "d919a400-64d4-475e-b408-5226b215031a",
    "data": [
      {
        "text": "รอบไหนบ้าง",
        "userDefined": false
      }
    ],
    "isTemplate": false,
    "count": 0,
    "lang": "th",
    "updated": 0
  },
  {
    "id": "fbfa6e12-4560-481e-9c1f-c65d62dd9f08",
    "data": [
      {
        "text": "เด็กซิ่วสมัคร TCAS64 ได้ไหม",
        "userDefined": false
      }
    ],
    "isTemplate": false,
    "count": 0,
    "lang": "th",
    "updated": 0
  },
  {
    "id": "16c9ec35-f233-451a-83aa-26342202dbe7",
    "data": [
      {
        "text": "เด็กซิ่วยังสมัคร TCAS64 ได้ใช่มั้ย และสมัครรอบไหนได้บ้าง",
        "userDefined": false
      }
    ],
    "isTemplate": false,
    "count": 0,
    "lang": "th",
    "updated": 0
  }
]