[
  {
    "id": "6a1f24c2-ea75-442c-b241-0db7ec42b1ef",
    "data": [
      {
        "text": "จ่ายเงิน",
        "userDefined": false
      }
    ],
    "isTemplate": false,
    "count": 0,
    "lang": "th",
    "updated": 0
  },
  {
    "id": "c5a85df4-4388-46e2-ba0a-aa7c9813e880",
    "data": [
      {
        "text": "ช่องทางจ่ายเงิน",
        "userDefined": false
      }
    ],
    "isTemplate": false,
    "count": 0,
    "lang": "th",
    "updated": 0
  },
  {
    "id": "7d5d03ee-cba4-43ed-8c63-bd138197dcdc",
    "data": [
      {
        "text": "ชำระเงิน",
        "userDefined": false
      }
    ],
    "isTemplate": false,
    "count": 0,
    "lang": "th",
    "updated": 0
  },
  {
    "id": "a9913089-b779-4a82-88de-b1bf6e9545a9",
    "data": [
      {
        "text": "ชำระเงินค่าสมัคร",
        "userDefined": false
      }
    ],
    "isTemplate": false,
    "count": 0,
    "lang": "th",
    "updated": 0
  },
  {
    "id": "bbfe4375-cfe4-43c8-8246-247c93c2ad9c",
    "data": [
      {
        "text": "ชำระเงินค่าสมัครช่องทางไหนได้บ้าง",
        "userDefined": false
      }
    ],
    "isTemplate": false,
    "count": 0,
    "lang": "th",
    "updated": 0
  }
]