[
  {
    "id": "1691af9a-7c6d-476f-a329-0a882bdbbc6c",
    "data": [
      {
        "text": "เด็กซิ่วลาออก",
        "userDefined": false
      }
    ],
    "isTemplate": false,
    "count": 0,
    "lang": "th",
    "updated": 0
  },
  {
    "id": "b9d27c58-0bc2-4896-b5f4-55da09acbce3",
    "data": [
      {
        "text": "เด็กซิ่วต้องลาออกก่อนมั้ย",
        "userDefined": false
      }
    ],
    "isTemplate": false,
    "count": 0,
    "lang": "th",
    "updated": 0
  }
]