[
  {
    "id": "218132b9-9e17-4d46-9099-375bc22978b2",
    "data": [
      {
        "text": "จ่ายเงินได้ถึงเมื่อไหร่",
        "userDefined": false
      }
    ],
    "isTemplate": false,
    "count": 0,
    "lang": "th",
    "updated": 0
  },
  {
    "id": "04e1fb17-8052-4887-b4d1-db9485d97419",
    "data": [
      {
        "text": "จ่ายเงินทีหลัง",
        "userDefined": false
      }
    ],
    "isTemplate": false,
    "count": 0,
    "lang": "th",
    "updated": 0
  },
  {
    "id": "541c4da4-beb9-47d4-b05c-09c57682b4df",
    "data": [
      {
        "text": "ยืนยันสาขาวิชาก่อน",
        "userDefined": false
      }
    ],
    "isTemplate": false,
    "count": 0,
    "lang": "th",
    "updated": 0
  },
  {
    "id": "e15040c2-c084-4735-969a-0cc117a11fb1",
    "data": [
      {
        "text": "ยืนยันสาขาวิชาก่อน แล้วจ่ายเงินทีหลังได้ไหม",
        "userDefined": false
      }
    ],
    "isTemplate": false,
    "count": 0,
    "lang": "th",
    "updated": 0
  }
]