[
  {
    "id": "4186d524-5778-4400-9047-0b3316a0eb72",
    "data": [
      {
        "text": "เด็กซิ่วลงทะเบียนใหม่",
        "userDefined": false
      }
    ],
    "isTemplate": false,
    "count": 0,
    "lang": "th",
    "updated": 0
  },
  {
    "id": "8caf4c21-4620-4508-967f-f14db43bb018",
    "data": [
      {
        "text": "เด็กซิ่ว ถ้ามีการลงทะเบียนใน myTCAS อยู่แล้ว ต้องลงทะเบียนใหม่หรือไม่",
        "userDefined": false
      }
    ],
    "isTemplate": false,
    "count": 0,
    "lang": "th",
    "updated": 0
  }
]