[
  {
    "id": "413d6a0f-d3d2-4328-b39a-49c0f8b3afbd",
    "data": [
      {
        "text": "จ่ายเงินแล้วแต่ยังสมัครไม่ครบ ",
        "userDefined": false
      },
      {
        "text": "4",
        "meta": "@sys.number",
        "alias": "number",
        "userDefined": false
      },
      {
        "text": " อันดับ เพิ่มอย่างไร",
        "userDefined": false
      }
    ],
    "isTemplate": false,
    "count": 0,
    "lang": "th",
    "updated": 0
  },
  {
    "id": "0d1adfd8-5fca-4e1b-88cc-aba2163068e2",
    "data": [
      {
        "text": "จ่ายเงินแล้ว อยากสมัครเพิ่มต้องทําอย่างไร",
        "userDefined": false
      }
    ],
    "isTemplate": false,
    "count": 0,
    "lang": "th",
    "updated": 0
  },
  {
    "id": "04157e07-05be-40d4-91be-b23d1ec08526",
    "data": [
      {
        "text": "ถ้าเลือกสาขาวิชาและพิมพ์ใบชําระเงินพร้อมจ่ายเงินไว้ ",
        "userDefined": false
      },
      {
        "text": "3",
        "meta": "@sys.ignore",
        "userDefined": false
      },
      {
        "text": " อันดับ อยากสมัครเพิ่มต้องทําอย่างไร",
        "userDefined": false
      }
    ],
    "isTemplate": false,
    "count": 0,
    "lang": "th",
    "updated": 0
  }
]