[
  {
    "id": "ee20fbba-400e-43e2-a65f-58b8c31948be",
    "data": [
      {
        "text": "เก็บใบเสร็จ",
        "userDefined": false
      }
    ],
    "isTemplate": false,
    "count": 0,
    "lang": "th",
    "updated": 0
  },
  {
    "id": "acb924f6-fa52-472a-8cb8-e1ed5249367d",
    "data": [
      {
        "text": "ใบเสร็จ ต้องเก็บไว้",
        "userDefined": false
      },
      {
        "text": "ไหม",
        "meta": "@sys.ignore",
        "userDefined": false
      }
    ],
    "isTemplate": false,
    "count": 0,
    "lang": "th",
    "updated": 0
  }
]