[
  {
    "id": "45d20fb7-e2a3-40ce-84a7-4b6758bb8c90",
    "data": [
      {
        "text": "ลงทะเบียน TCAS รอบ ",
        "userDefined": false
      },
      {
        "text": "3",
        "meta": "@sys.number",
        "alias": "number",
        "userDefined": false
      }
    ],
    "isTemplate": false,
    "count": 0,
    "lang": "th",
    "updated": 0
  },
  {
    "id": "f52d35ca-92cf-4a32-99b5-3cdb4b811825",
    "data": [
      {
        "text": "สมัคร TCAS รอบ ",
        "userDefined": false
      },
      {
        "text": "3",
        "meta": "@sys.ignore",
        "userDefined": false
      }
    ],
    "isTemplate": false,
    "count": 1,
    "lang": "th",
    "updated": 0
  },
  {
    "id": "96a3cb9c-63bf-4968-bfaa-9e82312cdf0c",
    "data": [
      {
        "text": "จะสมัคร TCAS รอบ ",
        "userDefined": false
      },
      {
        "text": "3",
        "meta": "@sys.ignore",
        "userDefined": false
      },
      {
        "text": " ต้องลงทะเบียนก่อน",
        "userDefined": false
      },
      {
        "text": "ใช่",
        "meta": "@sys.ignore",
        "userDefined": false
      },
      {
        "text": "หรือ",
        "userDefined": false
      },
      {
        "text": "ไม่",
        "meta": "@sys.ignore",
        "userDefined": false
      }
    ],
    "isTemplate": false,
    "count": 0,
    "lang": "th",
    "updated": 0
  }
]