[
  {
    "id": "4d2a8acb-78f2-4a66-9cbc-26682fdbdf82",
    "data": [
      {
        "text": "ลบสาขาวิชาออก",
        "userDefined": false
      }
    ],
    "isTemplate": false,
    "count": 0,
    "lang": "th",
    "updated": 0
  },
  {
    "id": "be081ad5-c9b3-42ee-b8db-5d6b2a0104e3",
    "data": [
      {
        "text": "จะเปลี่ยนใหม่ ลบออก เพิ่มใหม่ได้ไหม",
        "userDefined": false
      }
    ],
    "isTemplate": false,
    "count": 0,
    "lang": "th",
    "updated": 0
  },
  {
    "id": "72119cc6-8dd1-44b9-a80d-73b4ddd323b5",
    "data": [
      {
        "text": "เมื่อเลือกสาขาวิชาที่สนใจไปครบ ",
        "userDefined": false
      },
      {
        "text": "20",
        "meta": "@sys.ignore",
        "userDefined": false
      },
      {
        "text": " แล้ว จะเปลี่ยนใหม่ ลบออก เพิ่มใหม่ได้ไหม",
        "userDefined": false
      }
    ],
    "isTemplate": false,
    "count": 0,
    "lang": "th",
    "updated": 0
  }
]