[
  {
    "id": "02fb1d49-a55d-4970-9d99-0e97e6c13357",
    "data": [
      {
        "text": "เปลี่ยนสาขาได้กี่ครั้ง",
        "userDefined": false
      }
    ],
    "isTemplate": false,
    "count": 0,
    "lang": "th",
    "updated": 0
  },
  {
    "id": "008eca79-bb2a-4251-9034-35601788b66c",
    "data": [
      {
        "text": "เปลี่ยนสาขาวิชา",
        "userDefined": false
      }
    ],
    "isTemplate": false,
    "count": 1,
    "lang": "th",
    "updated": 0
  },
  {
    "id": "733b0c15-2100-412c-8135-343154d506e7",
    "data": [
      {
        "text": "เปลี่ยนอันดับ/สาขาวิชาได้กี่ครั้ง",
        "userDefined": false
      }
    ],
    "isTemplate": false,
    "count": 0,
    "lang": "th",
    "updated": 0
  }
]