[
  {
    "id": "8a02be4d-c432-432a-815c-65efb937eb7b",
    "data": [
      {
        "text": "รายละเอียดรอบรับตรง",
        "userDefined": false
      }
    ],
    "isTemplate": false,
    "count": 0,
    "lang": "th",
    "updated": 0
  },
  {
    "id": "237f66a6-cf64-450c-9010-869ecb556d52",
    "data": [
      {
        "text": "TCAS64 รอบ 4 รับตรงอิสระ",
        "userDefined": false
      }
    ],
    "isTemplate": false,
    "count": 0,
    "lang": "th",
    "updated": 0
  }
]