[
  {
    "id": "df094bc2-cf85-4616-a516-10adb2e93edb",
    "data": [
      {
        "text": "ยืนยันสิทธิ์แล้ว สมัครรอบอื่นได้ไหม",
        "userDefined": false
      }
    ],
    "isTemplate": false,
    "count": 0,
    "lang": "th",
    "updated": 0
  },
  {
    "id": "8f4745a5-1f70-4b2b-8941-3752f8ab6de2",
    "data": [
      {
        "text": "ยืนยันสิทธิ์แล้ว สมัครรอบ 3ได้ไหม",
        "userDefined": false
      }
    ],
    "isTemplate": false,
    "count": 0,
    "lang": "th",
    "updated": 0
  },
  {
    "id": "0512a8f3-2610-44b7-b2e4-c3649e3fc8b1",
    "data": [
      {
        "text": "ยืนยันสิทธิ์ รอบ 1 ไปแล้ว จะสมัครรอบ 3 ได้ไหม",
        "userDefined": false
      }
    ],
    "isTemplate": false,
    "count": 0,
    "lang": "th",
    "updated": 0
  }
]