[
  {
    "id": "7c77ee5d-663c-4436-b86a-2c335e93e8af",
    "data": [
      {
        "text": "ค่าสมัคร",
        "userDefined": false
      }
    ],
    "isTemplate": false,
    "count": 0,
    "lang": "th",
    "updated": 0
  },
  {
    "id": "b8420194-61aa-44e1-90ae-6eb637e2f061",
    "data": [
      {
        "text": "ค่าสมัครรอบพอร์ต",
        "userDefined": false
      }
    ],
    "isTemplate": false,
    "count": 0,
    "lang": "th",
    "updated": 0
  },
  {
    "id": "fde92618-24a5-4a5a-b0ad-790a3b7c3348",
    "data": [
      {
        "text": "ค่าสมัครยื่นพอร์ต TCAS ",
        "userDefined": false
      },
      {
        "text": "ปีนี้",
        "meta": "@sys.ignore",
        "userDefined": false
      },
      {
        "text": " ต้องเตรียมเงินไว้กี่บาทหรอครับ?",
        "userDefined": false
      }
    ],
    "isTemplate": false,
    "count": 0,
    "lang": "th",
    "updated": 0
  }
]