[
  {
    "id": "f8c1711f-f54d-4c73-b02d-a1428b1961bf",
    "data": [
      {
        "text": "เด็กซิ่วกับONET",
        "userDefined": false
      }
    ],
    "isTemplate": false,
    "count": 0,
    "lang": "th",
    "updated": 0
  },
  {
    "id": "625dbf83-a3b1-4085-8973-372a571add64",
    "data": [
      {
        "text": "เด็กซิ่วกับกสพท",
        "userDefined": false
      }
    ],
    "isTemplate": false,
    "count": 0,
    "lang": "th",
    "updated": 0
  },
  {
    "id": "2e1d6985-97d6-47fd-8a1d-c47adcc46439",
    "data": [
      {
        "text": "เด็กซิ่วกับการใช้ O-NET ใน กสพท",
        "userDefined": false
      }
    ],
    "isTemplate": false,
    "count": 0,
    "lang": "th",
    "updated": 0
  }
]