[
  {
    "id": "efbc85ec-9050-4434-83cd-a61bcacd0d69",
    "data": [
      {
        "text": "เกรดเด็กซิ่ว",
        "userDefined": false
      }
    ],
    "isTemplate": false,
    "count": 0,
    "lang": "th",
    "updated": 0
  },
  {
    "id": "2f0f3ff3-cf29-4250-ae7f-af3d15b5a305",
    "data": [
      {
        "text": "เด็กซิ่วใช้เกรดกี่เทอม",
        "userDefined": false
      }
    ],
    "isTemplate": false,
    "count": 0,
    "lang": "th",
    "updated": 0
  }
]