[
  {
    "id": "afd94f9c-f42a-4608-97e3-5507af0b056d",
    "data": [
      {
        "text": "วันเดียวกันหลายโครงการ",
        "userDefined": false
      }
    ],
    "isTemplate": false,
    "count": 0,
    "lang": "th",
    "updated": 0
  },
  {
    "id": "d42f0ed5-fa47-489d-be66-c4b56aee11ff",
    "data": [
      {
        "text": "เรียกสัมภาษณ์",
        "userDefined": false
      }
    ],
    "isTemplate": false,
    "count": 0,
    "lang": "th",
    "updated": 0
  },
  {
    "id": "865288c4-b53f-4bde-8883-888ebeb43215",
    "data": [
      {
        "text": "สมมติว่าสมัครไปหลายโครงการ แต่ ถ้า ม. กำหนดให้สอบสัมภาษณ์วันเวลาเดียวกัน จะทำยังไงดีครับ?",
        "userDefined": false
      }
    ],
    "isTemplate": false,
    "count": 1,
    "lang": "th",
    "updated": 0
  }
]