[
  {
    "value": "ใช่",
    "synonyms": [
      "อ่า",
      "อืม",
      "อ่าห้ะ",
      "ใช่",
      "อื้อ",
      "อือ",
      "ชะ"
    ]
  },
  {
    "value": "ไม่ใช่",
    "synonyms": [
      "ไม่ใช่",
      "หึ",
      "ม่ะ",
      "ม่ะช่ะ",
      "ไม่",
      "มั่ย"
    ]
  },
  {
    "value": "หัวเราะ",
    "synonyms": [
      "หัวเราะ",
      "555",
      "ถถถ",
      "ฮ่าๆ",
      "ฮ่ะๆ",
      "ฮา",
      "ขำ",
      "ลั่น"
    ]
  },
  {
    "value": "ไหม",
    "synonyms": [
      "มั้ย",
      "ช่ะ",
      "หรอ",
      "ปะ",
      "มะ",
      "รึ"
    ]
  },
  {
    "value": "งง",
    "synonyms": [
      "...",
      "?",
      "งงงงงง",
      "what",
      "เงาะ"
    ]
  },
  {
    "value": "อะไร",
    "synonyms": [
      "อัลไล",
      "ไร",
      "อะรัย",
      "อะไร๊",
      "ไรแว๊"
    ]
  },
  {
    "value": "สวัสดี",
    "synonyms": [
      "สวัสดี",
      "ฮัลโหล"
    ]
  }
]